{
  "project_info": {
    "project_number": "800640670423",
    "project_id": "login-3122d",
    "storage_bucket": "login-3122d.appspot.com"
  },
  "client": [
    {
      "client_info": {
        "mobilesdk_app_id": "1:800640670423:android:872857c72895f1a3496e92",
        "android_client_info": {
          "package_name": "com.example.form"
        }
      },
      "oauth_client": [],
      "api_key": [
        {
          "current_key": "AIzaSyD0eYPufBJDioci1eqoErOZyo7L50DTqzw"
        }
      ],
      "services": {
        "appinvite_service": {
          "other_platform_oauth_client": []
        }
      }
    }
  ],
  "configuration_version": "1"
}